diameter_mm,resistance_ohm_per_m,pull_force_at_70c_n,referencecurrent1scontraction_a,cooling_force_n,cooling_time_70c_s,cooling_time_90c_s
0.025,1425,0.087280,0.045,0.035304,0.18,0.15
0.038,890,0.196133,0.055,0.078453,0.24,0.20
0.050,500,0.353039,0.085,0.137293,0.40,0.30
0.076,232,0.784532,0.150,0.313813,0.80,0.70
0.10,126,1.402351,0.200,0.558979,1.10,0.90
0.13,75,2.186883,0.320,0.872792,1.60,1.40
0.15,55,3.147935,0.410,1.255251,2.00,1.70
0.20,29,5.589790,0.660,2.236347,3.20,2.70
0.25,18.5,8.736723,1.050,3.491167,5.40,4.50
0.31,12.2,12.549907,1.500,5.021005,8.10,6.80
0.38,8.3,22.064963,2.250,8.826005,10.50,8.80
0.51,4.3,34.913674,4.000,13.962765,16.80,14.00
